{"angle_min": -3.1241393089294434, "angle_max": 3.1415927410125732, "angle_increment": 0.01745329238474369, "ranges": [1.2599999904632568, 1.2569999694824219, 1.2649999856948853, 1.2669999599456787, 1.2740000486373901, 1.2829999923706055, 1.2860000133514404, 1.2920000553131104, 1.3040000200271606, 1.3070000410079956, 1.319000005722046, 1.2990000247955322, 1.3279999494552612, 1.3380000591278076, 2.180999994277954, 2.2019999027252197, 2.2219998836517334, 2.243000030517578, 2.263000011444092, 2.2960000038146973, 2.305000066757202, 2.3459999561309814, 2.368000030517578, 2.385999917984009, 2.424999952316284, 2.447999954223633, 2.509000062942505, 2.5390000343322754, 2.553999900817871, 2.621999979019165, 2.635999917984009, 2.6730000972747803, 2.6089999675750732, 2.546999931335449, 2.4739999771118164, 2.430999994277954, 2.3889999389648438, 1.9529999494552612, 1.9420000314712524, 1.9780000448226929, 2.0360000133514404, 2.0799999237060547, 2.1540000438690186, 2.193000078201294, 2.236999988555908, 2.2829999923706055, 2.3910000324249268, 2.440000057220459, 2.5490000247955322, 2.615999937057495, 2.6649999618530273, 2.696000099182129, 2.7820000648498535, 2.8550000190734863, 2.813999891281128, 2.803999900817871, 2.7980000972747803, 2.6540000438690186, 2.6019999980926514, 2.5980000495910645, 2.571000099182129, 2.563999891281128, 2.552999973297119, 2.552000045776367, 2.5369999408721924, 2.631999969482422, 2.6429998874664307, 2.621000051498413, 2.6070001125335693, 2.6029999256134033, 2.5989999771118164, 2.5840001106262207, 2.563999891281128, 2.558000087738037, 2.555999994277954, 2.5510001182556152, 2.546999931335449, 2.5309998989105225, 2.5320000648498535, 2.5350000858306885, 2.5420000553131104, 2.5350000858306885, 2.5380001068115234, 2.553999900817871, 2.5510001182556152, 2.578000068664551, 2.5940001010894775, 2.6040000915527344, 2.6040000915527344, 2.609999895095825, 2.634999990463257, 2.624000072479248, 2.6419999599456787, 2.6489999294281006, 2.6559998989105225, 2.6700000762939453, 2.7079999446868896, 2.7139999866485596, 2.7279999256134033, 2.734999895095825, 2.756999969482422, 2.7880001068115234, 2.7960000038146973, 2.8289999961853027, 2.8369998931884766, 2.8610000610351562, 2.9019999504089355, 2.9189999103546143, 2.9509999752044678, 2.9730000495910645, 3.0230000019073486, 3.0399999618530273, 3.075000047683716, 3.109999895095825, 3.1480000019073486, 3.181999921798706, 3.203000068664551, 3.246999979019165, 3.178999900817871, 3.121999979019165, 3.0450000762939453, 2.9839999675750732, 2.9549999237060547, 2.86899995803833, 2.8440001010894775, 2.7679998874664307, 2.7100000381469727, 2.688999891281128, 2.6389999389648438, 2.6029999256134033, 2.5769999027252197, 2.5399999618530273, 2.5339999198913574, 2.502000093460083, 2.453000068664551, 2.424999952316284, 2.384999990463257, 2.3610000610351562, 2.3550000190734863, 2.318000078201294, 2.302000045776367, 2.2850000858306885, 2.253000020980835, 2.240000009536743, 2.2100000381469727, 2.1989998817443848, 2.193000078201294, 2.1670000553131104, 2.1540000438690186, 2.1440000534057617, 2.121999979019165, 2.11299991607666, 2.1019999980926514, 2.0889999866485596, 2.0829999446868896, 2.065000057220459, 2.062999963760376, 2.062999963760376, 2.052000045776367, 2.0490000247955322, 2.0460000038146973, 2.0260000228881836, 2.0220000743865967, 2.0169999599456787, 2.0139999389648438, 2.0139999389648438, 2.01200008392334, 2.009999990463257, 2.013000011444092, 2.01200008392334, 2.010999917984009, 2.01200008392334, 2.015000104904175, 2.0179998874664307, 2.015000104904175, 2.0290000438690186, 2.0309998989105225, 2.0380001068115234, 2.0480000972747803, 2.055999994277954, 2.061000108718872, 2.065999984741211, 2.066999912261963, 2.0810000896453857, 2.0869998931884766, 2.1029999256134033, 2.1110000610351562, 2.11299991607666, 2.0880000591278076, 2.058000087738037, 1.996999979019165, 1.88100004196167, 1.8279999494552612, 1.718000054359436, 1.6690000295639038, 1.5870000123977661, 1.5479999780654907, 1.5119999647140503, 1.4420000314712524, 1.4110000133514404, 1.3489999771118164, 1.3250000476837158, 1.3009999990463257, 1.2519999742507935, Infinity, Infinity, Infinity, Infinity, 1.1180000305175781, 1.0989999771118164, 1.065000057220459, 1.0509999990463257, 1.0369999408721924, 1.0080000162124634, 0.9950000047683716, 0.9819999933242798, 0.9570000171661377, 0.9459999799728394, 0.925000011920929, 0.9150000214576721, 0.8949999809265137, 0.8880000114440918, 0.878000020980835, 0.8579999804496765, 0.8529999852180481, 0.843999981880188, 0.8309999704360962, 0.8240000009536743, 0.8109999895095825, 0.8050000071525574, 0.7919999957084656, 0.7870000004768372, 0.7820000052452087, 0.7720000147819519, 0.7670000195503235, 0.7630000114440918, 0.753000020980835, 0.75, 0.7419999837875366, 0.7390000224113464, 0.7360000014305115, 0.7300000190734863, 0.7269999980926514, 0.7210000157356262, 0.7200000286102295, 0.7160000205039978, 0.7129999995231628, 0.7099999785423279, 0.7080000042915344, 0.7039999961853027, 0.703000009059906, 0.7020000219345093, 0.699999988079071, 0.6980000138282776, 0.6970000267028809, 0.6970000267028809, 0.6949999928474426, 0.6949999928474426, 0.6949999928474426, 0.6949999928474426, 0.6949999928474426, 0.6970000267028809, Infinity, 0.4620000123977661, 0.4569999873638153, 0.4569999873638153, 0.45899999141693115, 0.4569999873638153, 0.4569999873638153, 0.46000000834465027, Infinity, Infinity, Infinity, Infinity, Infinity, Infinity, Infinity, Infinity, Infinity, Infinity, Infinity, Infinity, Infinity, Infinity, Infinity, Infinity, Infinity, Infinity, Infinity, Infinity, Infinity, Infinity, Infinity, Infinity, Infinity, Infinity, Infinity, Infinity, Infinity, Infinity, Infinity, Infinity, 0.9779999852180481, 0.9879999756813049, 1.003000020980835, 1.0160000324249268, 1.0290000438690186, 1.0579999685287476, 1.0770000219345093, 1.1269999742507935, Infinity, 1.2300000190734863, Infinity, Infinity, Infinity, Infinity, Infinity, Infinity, Infinity, 1.4240000247955322, 1.465999960899353, 1.503999948501587, 1.5829999446868896, 1.628000020980835, 1.6679999828338623, 1.781999945640564, 1.8370000123977661, 1.899999976158142, 2.009000062942505, 2.0980000495910645, 2.078000068664551, 2.063999891281128, 2.056999921798706, 2.046999931335449, 2.0320000648498535, 2.0179998874664307, 2.013000011444092, 2.003000020980835, 1.9980000257492065, 1.99399995803833, 1.9889999628067017, 1.9739999771118164, 1.968999981880188, 1.9700000286102295, 1.965999960899353, 1.9630000591278076, 1.9600000381469727, 1.9620000123977661, 1.9589999914169312, 1.9589999914169312, 1.9600000381469727, 1.9620000123977661, 1.965000033378601, 1.9670000076293945, 1.965000033378601, 1.968999981880188, 1.9259999990463257, 1.7829999923706055, 1.972000002861023, Infinity], "time_increment": 0.0003562765195965767, "range_min": 0.15000000596046448, "range_max": 12.0, "scan_time": 0.1279032677412033}