{"angle_min": -3.1241393089294434, "angle_max": 3.1415927410125732, "angle_increment": 0.008714509196579456, "ranges": [2.51200008392334, 2.555999994277954, 2.6080000400543213, 2.6080000400543213, 2.6679999828338623, 2.7200000286102295, 2.7799999713897705, 2.8440001010894775, 2.9119999408721924, 2.9119999408721924, 2.9760000705718994, 3.0320000648498535, Infinity, 3.191999912261963, 3.191999912261963, 3.364000082015991, 3.364000082015991, 3.444000005722046, 3.496000051498413, 3.496000051498413, 3.74399995803833, 3.74399995803833, Infinity, Infinity, Infinity, Infinity, Infinity, Infinity, Infinity, 4.920000076293945, 4.920000076293945, Infinity, Infinity, Infinity, Infinity, Infinity, Infinity, Infinity, Infinity, Infinity, 8.392000198364258, 8.392000198364258, Infinity, Infinity, Infinity, Infinity, Infinity, Infinity, Infinity, Infinity, Infinity, Infinity, Infinity, Infinity, Infinity, Infinity, Infinity, Infinity, Infinity, Infinity, Infinity, Infinity, Infinity, Infinity, Infinity, Infinity, Infinity, Infinity, Infinity, Infinity, Infinity, Infinity, Infinity, Infinity, Infinity, 8.392000198364258, 8.392000198364258, Infinity, Infinity, Infinity, Infinity, Infinity, Infinity, Infinity, Infinity, Infinity, 5.783999919891357, 5.783999919891357, Infinity, Infinity, Infinity, Infinity, Infinity, 4.880000114440918, 4.880000114440918, Infinity, Infinity, Infinity, Infinity, Infinity, 4.039999961853027, 4.039999961853027, 3.9600000381469727, 3.7320001125335693, 3.7320001125335693, 3.700000047683716, 3.700000047683716, 3.640000104904175, 3.5959999561309814, 3.5320000648498535, 3.4519999027252197, 3.3919999599456787, 3.3399999141693115, 3.3399999141693115, 3.2639999389648438, 3.191999912261963, 3.1640000343322754, 3.111999988555908, 3.0439999103546143, 3.0, 3.0, 2.9560000896453857, 2.8919999599456787, 2.8480000495910645, 2.819999933242798, 2.7679998874664307, 2.7679998874664307, 2.7320001125335693, 2.7119998931884766, 2.671999931335449, 2.628000020980835, 2.5999999046325684, 2.559999942779541, 2.559999942779541, 2.5199999809265137, 2.48799991607666, 2.4519999027252197, 2.4200000762939453, 2.3959999084472656, 2.371999979019165, 2.371999979019165, 2.3399999141693115, 2.319999933242798, 2.2920000553131104, 2.259999990463257, 2.2360000610351562, 2.2360000610351562, 2.2200000286102295, 2.191999912261963, 2.1600000858306885, 2.1440000534057617, 2.1679999828338623, 2.184000015258789, 2.184000015258789, 2.187999963760376, 2.2160000801086426, 2.247999906539917, 2.2720000743865967, 2.2720000743865967, 2.303999900817871, 2.3440001010894775, 2.371999979019165, 2.4040000438690186, 2.440000057220459, 2.4760000705718994, 2.4760000705718994, 2.503999948501587, 2.5480000972747803, 2.5799999237060547, 2.624000072479248, 2.624000072479248, 2.680000066757202, 2.7039999961853027, 2.752000093460083, 2.812000036239624, 2.8440001010894775, 2.8440001010894775, 2.8959999084472656, 2.9600000381469727, 2.996000051498413, Infinity, 3.135999917984009, 3.135999917984009, 3.187999963760376, 3.25600004196167, 3.3399999141693115, 3.4040000438690186, 3.4719998836517334, 3.4719998836517334, 3.563999891281128, 3.6440000534057617, 3.7320001125335693, 3.819999933242798, 3.819999933242798, 4.052000045776367, 4.144000053405762, 4.144000053405762, 4.263999938964844, Infinity, 4.535999774932861, 4.535999774932861, 4.872000217437744, Infinity, Infinity, 5.423999786376953, 5.423999786376953, Infinity, Infinity, Infinity, Infinity, Infinity, Infinity, Infinity, Infinity, Infinity, Infinity, Infinity, Infinity, Infinity, Infinity, Infinity, Infinity, Infinity, Infinity, Infinity, Infinity, Infinity, Infinity, Infinity, Infinity, Infinity, Infinity, Infinity, Infinity, Infinity, Infinity, Infinity, Infinity, Infinity, Infinity, Infinity, Infinity, Infinity, Infinity, Infinity, Infinity, Infinity, Infinity, Infinity, Infinity, Infinity, Infinity, Infinity, Infinity, Infinity, Infinity, Infinity, 4.888000011444092, 4.888000011444092, Infinity, Infinity, 4.263999938964844, 4.263999938964844, Infinity, 3.9200000762939453, 3.9200000762939453, Infinity, Infinity, 3.431999921798706, 3.431999921798706, Infinity, 3.2079999446868896, 3.2079999446868896, Infinity, 3.0239999294281006, 3.0239999294281006, 2.7720000743865967, Infinity, 2.7119998931884766, 2.7119998931884766, 2.6559998989105225, 2.5999999046325684, 2.5999999046325684, 2.5280001163482666, 2.4719998836517334, 2.427999973297119, 2.299999952316284, Infinity, 2.252000093460083, 2.252000093460083, 2.2039999961853027, 2.1679999828338623, 2.135999917984009, 2.0840001106262207, 2.0399999618530273, 2.007999897003174, 2.007999897003174, 1.9800000190734863, 1.9500000476837158, 1.9140000343322754, 1.8739999532699585, 1.850000023841858, 1.8519999980926514, 1.8519999980926514, 1.8700000047683716, 1.8940000534057617, 1.9079999923706055, 1.9179999828338623, 1.9359999895095825, 1.9359999895095825, 1.9520000219345093, 1.965999960899353, 1.9819999933242798, 2.003999948501587, 2.0220000743865967, 2.0220000743865967, 2.0399999618530273, 2.055999994277954, 2.072000026702881, 2.0999999046325684, 2.119999885559082, 2.119999885559082, 2.131999969482422, 2.1559998989105225, 2.1760001182556152, 2.191999912261963, 2.2239999771118164, 2.2239999771118164, 2.247999906539917, 2.2720000743865967, 2.303999900817871, 2.328000068664551, 2.3480000495910645, 2.3480000495910645, 2.375999927520752, 2.4079999923706055, 2.440000057220459, 2.4679999351501465, 2.496000051498413, 2.496000051498413, 2.5360000133514404, 2.563999891281128, 2.611999988555908, 2.6600000858306885, 2.684000015258789, 2.684000015258789, 2.7160000801086426, 2.752000093460083, 2.7799999713897705, 2.828000068664551, 2.875999927520752, 2.875999927520752, 2.9119999408721924, 2.9639999866485596, 3.01200008392334, 3.0759999752044678, 3.0759999752044678, 3.135999917984009, 3.184000015258789, 3.2279999256134033, 3.2920000553131104, 3.364000082015991, 3.431999921798706, 3.431999921798706, 3.507999897003174, 3.572000026702881, 3.619999885559082, Infinity, 3.8359999656677246, 3.8359999656677246, 3.8919999599456787, 4.067999839782715, 4.067999839782715, Infinity, 4.271999835968018, 4.271999835968018, 4.519999980926514, 4.616000175476074, 4.616000175476074, 4.927999973297119, 4.927999973297119, Infinity, 5.296000003814697, 5.296000003814697, 5.423999786376953, Infinity, Infinity, Infinity, Infinity, Infinity, Infinity, Infinity, Infinity, Infinity, Infinity, Infinity, Infinity, Infinity, Infinity, Infinity, Infinity, Infinity, Infinity, Infinity, Infinity, Infinity, Infinity, Infinity, Infinity, Infinity, Infinity, Infinity, Infinity, Infinity, Infinity, Infinity, Infinity, Infinity, Infinity, Infinity, Infinity, Infinity, Infinity, Infinity, Infinity, Infinity, Infinity, Infinity, Infinity, Infinity, Infinity, Infinity, Infinity, Infinity, Infinity, Infinity, Infinity, Infinity, Infinity, Infinity, Infinity, Infinity, Infinity, 4.960000038146973, 4.960000038146973, 4.576000213623047, 4.576000213623047, 4.271999835968018, 4.271999835968018, Infinity, 4.0, 4.0, 3.696000099182129, 3.696000099182129, 3.619999885559082, 3.619999885559082, 3.4119999408721924, 3.4119999408721924, 3.3480000495910645, 3.2679998874664307, Infinity, 3.0759999752044678, 3.0759999752044678, 2.947999954223633, 2.947999954223633, 2.9159998893737793, Infinity, 2.7679998874664307, 2.7679998874664307, 2.7200000286102295, 2.6640000343322754, 2.5999999046325684, 2.568000078201294, 2.5360000133514404, 2.48799991607666, 2.48799991607666, 2.444000005722046, 2.4000000953674316, 2.359999895095825, 2.319999933242798, 2.2799999713897705, 2.2360000610351562, 2.2360000610351562, 2.196000099182129, 2.1679999828338623, 2.131999969482422, 2.0959999561309814, 2.063999891281128, 2.0380001068115234, 2.0380001068115234, 2.009999990463257, 1.9819999933242798, 1.9559999704360962, 1.9299999475479126, 1.8919999599456787, 1.8919999599456787, 1.8580000400543213, 1.8339999914169312, 1.8140000104904175, 1.7940000295639038, 1.7699999809265137, 1.746000051498413, 1.7280000448226929, 