{"angle_min": -3.1241393089294434, "angle_max": 3.1415927410125732, "angle_increment": 0.008714509196579456, "ranges": [14.303999900817871, 14.303999900817871, 14.303999900817871, 14.303999900817871, 14.303999900817871, 14.303999900817871, 14.416000366210938, 14.616000175476074, 14.496000289916992, 14.496000289916992, 14.416000366210938, 14.416000366210938, 14.303999900817871, 14.303999900817871, 14.303999900817871, 14.303999900817871, 14.383999824523926, 14.303999900817871, 14.303999900817871, 14.303999900817871, Infinity, Infinity, Infinity, Infinity, Infinity, Infinity, Infinity, Infinity, Infinity, Infinity, Infinity, Infinity, 4.760000228881836, 4.760000228881836, Infinity, 4.76800012588501, 4.76800012588501, 4.776000022888184, 4.776000022888184, 4.800000190734863, 4.815999984741211, 4.823999881744385, 4.831999778747559, 4.840000152587891, 4.840000152587891, 4.855999946594238, 4.863999843597412, 4.880000114440918, 4.895999908447266, 4.920000076293945, 4.920000076293945, Infinity, Infinity, 3.436000108718872, 3.436000108718872, Infinity, Infinity, Infinity, Infinity, Infinity, Infinity, Infinity, Infinity, Infinity, Infinity, Infinity, Infinity, 2.631999969482422, 2.631999969482422, Infinity, Infinity, 2.635999917984009, 2.635999917984009, 2.635999917984009, 2.635999917984009, 2.6640000343322754, 2.700000047683716, 2.700000047683716, 2.7239999771118164, 2.747999906539917, 2.752000093460083, 2.752000093460083, 2.7639999389648438, 2.7639999389648438, 2.803999900817871, 2.8559999465942383, 2.875999927520752, 2.875999927520752, 2.880000114440918, 2.880000114440918, 2.9079999923706055, 2.9679999351501465, 3.007999897003174, 3.052000045776367, 3.1080000400543213, 3.1080000400543213, 3.115999937057495, 3.115999937057495, Infinity, 1.7359999418258667, 1.7359999418258667, Infinity, 1.7120000123977661, 1.7120000123977661, 1.7000000476837158, 1.7000000476837158, 1.6859999895095825, 1.6759999990463257, 1.6720000505447388, 1.6660000085830688, 1.656000018119812, 1.656000018119812, 1.6460000276565552, Infinity, Infinity, Infinity, Infinity, Infinity, Infinity, Infinity, Infinity, Infinity, Infinity, Infinity, Infinity, Infinity, Infinity, Infinity, Infinity, Infinity, Infinity, Infinity, Infinity, Infinity, Infinity, Infinity, Infinity, Infinity, 1.590000033378601, 1.590000033378601, Infinity, Infinity, Infinity, Infinity, Infinity, 1.590000033378601, 1.590000033378601, 1.5800000429153442, Infinity, 1.5800000429153442, 1.5800000429153442, 1.5759999752044678, 1.5759999752044678, 1.5520000457763672, Infinity, Infinity, 1.534000039100647, 1.534000039100647, 1.5399999618530273, 1.5399999618530273, 1.534000039100647, 1.5160000324249268, 1.5160000324249268, 1.5140000581741333, 1.5199999809265137, 1.5140000581741333, 1.5140000581741333, Infinity, Infinity, Infinity, Infinity, Infinity, Infinity, 1.3179999589920044, 1.3179999589920044, Infinity, 1.3179999589920044, 1.3179999589920044, 1.315999984741211, 1.315999984741211, 1.3179999589920044, 1.312000036239624, 1.312000036239624, Infinity, Infinity, 2.171999931335449, 2.171999931335449, Infinity, Infinity, 2.191999912261963, 2.191999912261963, 2.3399999141693115, 2.3399999141693115, 2.3399999141693115, 2.3399999141693115, 2.3399999141693115, 2.3399999141693115, 2.3440001010894775, 2.3399999141693115, 2.3440001010894775, 2.3440001010894775, 2.3480000495910645, 2.3480000495910645, 2.3480000495910645, 2.3480000495910645, 2.3399999141693115, 2.3359999656677246, 2.3359999656677246, 2.3359999656677246, 2.3399999141693115, 2.3440001010894775, 2.3519999980926514, 2.3559999465942383, 2.3559999465942383, 2.3559999465942383, 2.3559999465942383, 2.364000082015991, 2.364000082015991, 2.371999979019165, 2.384000062942505, 2.384000062942505, 2.3959999084472656, 2.4000000953674316, 2.4079999923706055, 2.4119999408721924, 2.4159998893737793, 2.4159998893737793, 2.4200000762939453, 2.4240000247955322, 2.431999921798706, 2.444000005722046, 2.4240000247955322, 2.4240000247955322, 2.375999927520752, Infinity, 2.3519999980926514, 2.3519999980926514, 2.359999895095825, 2.380000114440918, 2.380000114440918, 2.388000011444092, 2.3959999084472656, 2.4079999923706055, 2.4119999408721924, 2.384000062942505, 2.384000062942505, 2.328000068664551, 2.328000068664551, Infinity, Infinity, 2.2799999713897705, 2.2799999713897705, 2.247999906539917, 2.2079999446868896, 2.1679999828338623, 2.131999969482422, 2.0959999561309814, 2.072000026702881, 2.072000026702881, 2.0439999103546143, 2.0139999389648438, 1.9819999933242798, 1.9559999704360962, 1.9320000410079956, 1.9320000410079956, 1.9019999504089355, 1.8760000467300415, 1.8539999723434448, 1.8279999494552612, 1.8020000457763672, 1.784000039100647, 1.784000039100647, 1.7599999904632568, 1.7380000352859497, 1.722000002861023, 1.7059999704360962, 1.6859999895095825, 1.6679999828338623, 1.6679999828338623, 1.649999976158142, 1.6319999694824219, 1.6180000305175781, 1.600000023841858, 1.5839999914169312, 1.5679999589920044, 1.5679999589920044, 1.5520000457763672, 1.5460000038146973, 1.5540000200271606, 1.5700000524520874, 1.590000033378601, 1.590000033378601, 1.6119999885559082, 1.6360000371932983, 1.656000018119812, 1.6799999475479126, 1.7039999961853027, 1.7039999961853027, 1.7259999513626099, 1.753999948501587, 1.7799999713897705, 1.812000036239624, 1.812000036239624, 1.8459999561309814, 1.8739999532699585, 1.9019999504089355, 1.9320000410079956, 1.965999960899353, 1.965999960899353, 2.003999948501587, 2.0439999103546143, 2.0840001106262207, 2.119999885559082, 2.1519999504089355, 2.1519999504089355, 2.200000047683716, 2.252000093460083, 2.308000087738037, 2.3480000495910645, 2.3480000495910645, 2.4719998836517334, 2.4719998836517334, 2.5160000324249268, Infinity, 2.640000104904175, 2.640000104904175, 2.696000099182129, 2.7679998874664307, Infinity, 2.9200000762939453, 2.9200000762939453, 3.115999937057495, 3.115999937057495, 3.200000047683716, Infinity, Infinity, Infinity, Infinity, Infinity, 3.931999921798706, 3.931999921798706, Infinity, Infinity, Infinity, Infinity, Infinity, Infinity, Infinity, Infinity, Infinity, Infinity, Infinity, Infinity, Infinity, 10.911999702453613, 10.911999702453613, Infinity, Infinity, 10.84000015258789, 10.84000015258789, 10.86400032043457, 10.871999740600586, 10.776000022888184, 10.704000473022461, 10.704000473022461, 10.640000343322754, 10.592000007629395, 10.567999839782715, 10.583999633789062, 10.656000137329102, 10.656000137329102, 10.727999687194824, 10.784000396728516, 10.86400032043457, 10.84000015258789, 10.744000434875488, 10.704000473022461, 10.704000473022461, 10.791999816894531, 10.855999946594238, 10.831999778747559, 10.871999740600586, 10.920000076293945, 10.920000076293945, 10.95199966430664, 10.960000038146973, 10.95199966430664, 10.935999870300293, 10.991999626159668, 10.991999626159668, Infinity, Infinity, Infinity, 7.208000183105469, 7.208000183105469, 7.23199987411499, 7.23199987411499, 7.23199987411499, 7.239999771118164, Infinity, 5.199999809265137, 5.199999809265137, Infinity, 5.199999809265137, 5.199999809265137, 5.248000144958496, 5.263999938964844, Infinity, 5.296000003814697, 5.296000003814697, 5.320000171661377, 5.271999835968018, Infinity, Infinity, Infinity, 3.628000020980835, 3.628000020980835, 3.568000078201294, 3.568000078201294, 3.3959999084472656, Infinity, Infinity, 3.2360000610351562, 3.2360000610351562, 3.184000015258789, 3.135999917984009, 3.072000026702881, 3.0160000324249268, 2.9679999351501465, 2.9679999351501465, 2.9079999923706055, 2.864000082015991, 2.819999933242798, 2.7760000228881836, 2.7360000610351562, 2.691999912261963, 2.691999912261963, 2.6519999504089355, 2.6040000915527344, 2.572000026702881, 2.5360000133514404, 2.5, 2.5, 2.4639999866485596, 2.431999921798706, 2.4040000438690186, 2.371999979019165, 2.3359999656677246, 2.308000087738037, 2.308000087738037, 2.2720000743865967, 2.24399995803833, 2.2200000286102295, 2.191999912261963, 2.1640000343322754, 2.1440000534057617, 2.1440000534057617, 2.119999885559082, 