{"angle_min": -3.1241393089294434, "angle_max": 3.1415927410125732, "angle_increment": 0.008714509196579456, "ranges": [Infinity, 3.436000108718872, 3.436000108718872, Infinity, Infinity, Infinity, Infinity, Infinity, Infinity, Infinity, Infinity, Infinity, Infinity, Infinity, Infinity, Infinity, Infinity, Infinity, Infinity, Infinity, Infinity, Infinity, Infinity, Infinity, Infinity, Infinity, Infinity, Infinity, 7.895999908447266, 7.895999908447266, Infinity, 7.888000011444092, 7.888000011444092, 7.888000011444092, 7.840000152587891, 7.808000087738037, 7.800000190734863, 7.791999816894531, 7.791999816894531, 7.808000087738037, 7.831999778747559, 7.831999778747559, 7.840000152587891, 7.872000217437744, 7.880000114440918, 7.880000114440918, Infinity, Infinity, Infinity, Infinity, Infinity, Infinity, Infinity, Infinity, Infinity, Infinity, Infinity, Infinity, Infinity, Infinity, 7.191999912261963, 7.191999912261963, Infinity, Infinity, 6.567999839782715, 6.567999839782715, 6.455999851226807, 5.927999973297119, 5.927999973297119, 5.840000152587891, Infinity, 5.400000095367432, 5.400000095367432, 5.303999900817871, 5.0320000648498535, 5.0320000648498535, 4.920000076293945, 4.776000022888184, 4.679999828338623, 4.679999828338623, 4.48799991607666, 4.48799991607666, 4.504000186920166, 4.4720001220703125, Infinity, Infinity, Infinity, Infinity, Infinity, Infinity, Infinity, Infinity, Infinity, Infinity, Infinity, 3.5160000324249268, 3.5160000324249268, Infinity, Infinity, Infinity, Infinity, Infinity, Infinity, Infinity, Infinity, Infinity, Infinity, Infinity, Infinity, 3.0360000133514404, 3.0360000133514404, Infinity, Infinity, 2.98799991607666, 2.98799991607666, 2.9159998893737793, 2.880000114440918, 2.859999895095825, 2.8239998817443848, 2.808000087738037, 2.808000087738037, 2.7720000743865967, 2.7160000801086426, 2.696000099182129, 2.687999963760376, Infinity, Infinity, Infinity, Infinity, Infinity, Infinity, Infinity, Infinity, Infinity, Infinity, Infinity, Infinity, Infinity, Infinity, Infinity, Infinity, Infinity, Infinity, Infinity, Infinity, Infinity, Infinity, Infinity, Infinity, Infinity, Infinity, 2.25600004196167, 2.25600004196167, Infinity, 2.2239999771118164, 2.2239999771118164, 2.2160000801086426, 2.2119998931884766, Infinity, Infinity, Infinity, Infinity, 2.196000099182129, 2.196000099182129, Infinity, Infinity, Infinity, Infinity, Infinity, Infinity, Infinity, Infinity, Infinity, Infinity, Infinity, Infinity, Infinity, Infinity, Infinity, Infinity, Infinity, Infinity, Infinity, Infinity, Infinity, Infinity, Infinity, Infinity, Infinity, Infinity, Infinity, Infinity, Infinity, Infinity, 2.0199999809265137, 2.0199999809265137, 2.007999897003174, 2.007999897003174, Infinity, Infinity, Infinity, Infinity, Infinity, Infinity, 1.9739999771118164, 1.9739999771118164, Infinity, 1.9620000123977661, 1.9620000123977661, 1.9559999704360962, 1.9800000190734863, Infinity, Infinity, Infinity, Infinity, Infinity, Infinity, Infinity, Infinity, 2.01200008392334, 2.01200008392334, Infinity, Infinity, Infinity, Infinity, Infinity, Infinity, Infinity, Infinity, Infinity, Infinity, Infinity, Infinity, Infinity, Infinity, Infinity, Infinity, Infinity, Infinity, Infinity, Infinity, Infinity, Infinity, Infinity, Infinity, Infinity, Infinity, 2.111999988555908, 2.111999988555908, 2.128000020980835, 2.128000020980835, Infinity, Infinity, Infinity, Infinity, Infinity, Infinity, Infinity, 2.1480000019073486, 2.1480000019073486, Infinity, 2.1600000858306885, 2.1600000858306885, Infinity, Infinity, 2.111999988555908, 2.111999988555908, 2.124000072479248, 2.135999917984009, 2.1480000019073486, 2.1640000343322754, 2.171999931335449, 2.184000015258789, 2.184000015258789, 2.2079999446868896, 2.2239999771118164, 2.2360000610351562, 2.25600004196167, 2.2720000743865967, 2.2720000743865967, 2.2839999198913574, 2.2960000038146973, 2.319999933242798, 2.3440001010894775, 2.359999895095825, 2.368000030517578, 2.368000030517578, 2.4000000953674316, 2.4240000247955322, 2.440000057220459, 2.4560000896453857, 2.4800000190734863, 2.4800000190734863, 2.503999948501587, 2.5160000324249268, 2.5439999103546143, 2.5759999752044678, 2.5959999561309814, 2.5959999561309814, 2.6080000400543213, 2.640000104904175, 2.6640000343322754, 2.691999912261963, 2.7320001125335693, 2.74399995803833, 2.74399995803833, 2.752000093460083, 2.7760000228881836, 2.799999952316284, 2.8320000171661377, 2.888000011444092, 2.888000011444092, 2.9240000247955322, 2.9519999027252197, 3.0, 3.0480000972747803, 3.0880000591278076, 3.0880000591278076, 3.1080000400543213, 3.131999969482422, 3.184000015258789, 3.247999906539917, 3.2920000553131104, 3.3320000171661377, 3.3320000171661377, 3.3919999599456787, 3.4679999351501465, 3.5239999294281006, 3.572000026702881, 3.635999917984009, 3.635999917984009, 3.7200000286102295, 3.803999900817871, 3.8399999141693115, 4.01200008392334, 4.01200008392334, 4.067999839782715, 4.067999839782715, 4.139999866485596, 4.3520002365112305, 4.3520002365112305, 4.432000160217285, Infinity, 4.664000034332275, 4.664000034332275, 4.888000011444092, 4.888000011444092, Infinity, Infinity, Infinity, 5.432000160217285, 5.432000160217285, 5.815999984741211, 5.815999984741211, 5.927999973297119, 5.927999973297119, 6.423999786376953, 6.423999786376953, 7.184000015258789, Infinity, Infinity, Infinity, Infinity, Infinity, Infinity, Infinity, Infinity, Infinity, Infinity, Infinity, Infinity, Infinity, Infinity, Infinity, Infinity, Infinity, Infinity, Infinity, Infinity, Infinity, Infinity, Infinity, Infinity, Infinity, Infinity, Infinity, Infinity, Infinity, Infinity, Infinity, Infinity, Infinity, Infinity, Infinity, Infinity, Infinity, Infinity, Infinity, Infinity, Infinity, Infinity, Infinity, Infinity, Infinity, Infinity, Infinity, Infinity, Infinity, Infinity, Infinity, Infinity, Infinity, Infinity, Infinity, 4.271999835968018, 4.271999835968018, Infinity, 3.7200000286102295, 3.7200000286102295, Infinity, Infinity, 3.3359999656677246, 3.3359999656677246, 3.128000020980835, 3.128000020980835, 2.9159998893737793, 2.8440001010894775, 2.8440001010894775, 2.6640000343322754, Infinity, 2.5999999046325684, 2.5999999046325684, 2.5439999103546143, 2.4040000438690186, 2.4040000438690186, 2.3440001010894775, 2.2920000553131104, 2.2920000553131104, 2.24399995803833, 2.196000099182129, 2.1440000534057617, 2.0920000076293945, 2.0480000972747803, 2.007999897003174, 1.9639999866485596, 1.9639999866485596, 1.9199999570846558, 1.8819999694824219, 1.8459999561309814, 1.8079999685287476, 1.7660000324249268, 1.722000002861023, 1.722000002861023, 1.687999963760376, 1.684000015258789, 1.690000057220459, 1.6979999542236328, 1.7120000123977661, 1.7319999933242798, 1.7319999933242798, 1.753999948501587, 1.7660000324249268, 1.7740000486373901, 1.7879999876022339, 1.8020000457763672, 1.8020000457763672, 1.8179999589920044, 1.8339999914169312, 1.850000023841858, 1.8619999885559082, 1.878000020980835, 1.878000020980835, 1.8960000276565552, 1.9160000085830688, 1.9359999895095825, 1.9539999961853027, 1.9739999771118164, 1.9739999771118164, 1.996000051498413, 2.0160000324249268, 2.0360000133514404, 2.059999942779541, 2.0799999237060547, 2.0799999237060547, 2.1080000400543213, 2.135999917984009, 2.1519999504089355, 2.180000066757202, 2.2119998931884766, 2.2119998931884766, 2.2320001125335693, 2.2639999389648438, 2.299999952316284, 2.3320000171661377, 2.3559999465942383, 2.3559999465942383, 2.436000108718872, 2.444000005722046, 2.444000005722046, 2.4719998836517334, 2.51200008392334, 2.51200008392334, 2.5439999103546143, 2.5799999237060547, 2.628000020980835, 2.671999931335449, 2.7079999446868896, 2.7079999446868896, 2.759999990463257, 2.812000036239624, 2.871999979019165, 2.940000057220459, 2.992000102996826, 2.992000102996826, 3.0199999809265137, 3.1640000343322754, 3.1640000343322754, 3.2119998931884766, 3.2880001068115234, 3.2880001068115234, 3.368000030517578, 3.431999921798706, 3.5880000591278076, 3.5880000591278076, 