{"angle_min": -3.1241393089294434, "angle_max": 3.1415927410125732, "angle_increment": 0.008714509196579456, "ranges": [Infinity, Infinity, Infinity, Infinity, Infinity, Infinity, Infinity, Infinity, Infinity, Infinity, Infinity, Infinity, Infinity, Infinity, Infinity, Infinity, Infinity, Infinity, Infinity, Infinity, Infinity, Infinity, Infinity, Infinity, Infinity, Infinity, Infinity, Infinity, Infinity, Infinity, Infinity, Infinity, Infinity, Infinity, Infinity, Infinity, Infinity, Infinity, Infinity, 5.328000068664551, 5.328000068664551, Infinity, Infinity, 4.920000076293945, 4.920000076293945, Infinity, 4.552000045776367, 4.552000045776367, Infinity, 4.291999816894531, 4.291999816894531, 4.0279998779296875, 3.9159998893737793, 3.9159998893737793, 3.8399999141693115, 3.628000020980835, 3.628000020980835, 3.555999994277954, 3.555999994277954, 3.4560000896453857, 3.371999979019165, 3.2880001068115234, 3.2200000286102295, 3.1679999828338623, 3.0199999809265137, Infinity, 2.9760000705718994, 2.9760000705718994, 2.9119999408721924, 2.8480000495910645, 2.7880001068115234, 2.740000009536743, 2.700000047683716, 2.6519999504089355, 2.6519999504089355, 2.6080000400543213, 2.559999942779541, 2.5199999809265137, 2.4800000190734863, 2.436000108718872, 2.3959999084472656, 2.3959999084472656, 2.359999895095825, 2.328000068664551, 2.2880001068115234, 2.259999990463257, 2.2279999256134033, 2.191999912261963, 2.1640000343322754, 2.1640000343322754, 2.140000104904175, 2.111999988555908, 2.0799999237060547, 2.052000045776367, 2.0280001163482666, 2.002000093460083, 2.002000093460083, 1.9780000448226929, 1.9539999961853027, 1.934000015258789, 1.9160000085830688, 1.8980000019073486, 1.8739999532699585, 1.8559999465942383, 1.8559999465942383, 1.8380000591278076, 1.8200000524520874, 1.8040000200271606, 1.7879999876022339, 1.7719999551773071, 1.75600004196167, 1.7380000352859497, 1.7380000352859497, 1.7239999771118164, 1.7100000381469727, 1.6920000314712524, 1.6779999732971191, 1.6660000085830688, 1.649999976158142, 1.649999976158142, 1.6360000371932983, 1.6260000467300415, 1.6139999628067017, 1.600000023841858, 1.5920000076293945, 1.5820000171661377, 1.5820000171661377, 1.5700000524520874, 1.5579999685287476, 1.5460000038146973, 1.5360000133514404, 1.527999997138977, 1.5160000324249268, 1.50600004196167, 1.50600004196167, 1.4980000257492065, 1.4919999837875366, 1.4839999675750732, 1.4739999771118164, 1.4639999866485596, 1.4600000381469727, 1.4600000381469727, 1.4539999961853027, 1.4459999799728394, 1.437999963760376, 1.4320000410079956, 1.4240000247955322, 1.4179999828338623, 1.4179999828338623, 1.4140000343322754, 1.409999966621399, 1.406000018119812, 1.3980000019073486, 1.3919999599456787, 1.3860000371932983, 1.3860000371932983, 1.3839999437332153, 1.3799999952316284, 1.3739999532699585, 1.3680000305175781, 1.3639999628067017, 1.3600000143051147, 1.3559999465942383, 1.3559999465942383, 1.3519999980926514, 1.3519999980926514, 1.3459999561309814, 1.340000033378601, 1.340000033378601, 1.3380000591278076, 1.3380000591278076, 1.3320000171661377, 1.3259999752044678, 1.3240000009536743, 1.3220000267028809, 1.3220000267028809, 1.3200000524520874, 1.3200000524520874, 1.315999984741211, 1.3140000104904175, 1.3240000009536743, 1.312000036239624, 1.3020000457763672, 1.309999942779541, 1.309999942779541, 1.3079999685287476, 1.305999994277954, 1.305999994277954, 1.3020000457763672, 1.3040000200271606, 1.3020000457763672, 1.3020000457763672, 1.2999999523162842, 1.3040000200271606, 1.305999994277954, 1.3020000457763672, 1.3020000457763672, 1.3040000200271606, 1.3040000200271606, 1.3020000457763672, 1.3020000457763672, 1.3020000457763672, 1.3020000457763672, 1.305999994277954, 1.309999942779541, 1.309999942779541, 1.309999942779541, 1.312000036239624, 1.309999942779541, 1.3140000104904175, 1.3140000104904175, 1.315999984741211, 1.315999984741211, 1.3200000524520874, 1.3200000524520874, 1.3220000267028809, 1.3240000009536743, 1.3259999752044678, 1.3300000429153442, 1.3300000429153442, 1.3339999914169312, 1.3380000591278076, 1.3420000076293945, 1.343999981880188, 1.3480000495910645, 1.350000023841858, 1.350000023841858, 1.3539999723434448, 1.3600000143051147, 1.3639999628067017, 1.3680000305175781, 1.3739999532699585, 1.3739999532699585, 1.378000020980835, 1.3819999694824219, 1.3860000371932983, 1.3880000114440918, 1.3960000276565552, 1.4019999504089355, 1.4019999504089355, 1.406000018119812, 1.4140000343322754, 1.4179999828338623, 1.4259999990463257, 1.4320000410079956, 1.434000015258789, 1.434000015258789, 1.4420000314712524, 1.4520000219345093, 1.4559999704360962, 1.4620000123977661, 1.4700000286102295, 1.4700000286102295, 1.4800000190734863, 1.4859999418258667, 1.4919999837875366, 1.5, 1.5099999904632568, 1.5219999551773071, 1.5219999551773071, 1.5299999713897705, 1.5399999618530273, 1.5499999523162842, 1.5579999685287476, 1.5720000267028809, 1.5720000267028809, 1.5859999656677246, 1.5959999561309814, 1.6080000400543213, 1.621999979019165, 1.6339999437332153, 1.6440000534057617, 1.6440000534057617, 1.659999966621399, 1.6740000247955322, 1.6820000410079956, 1.7020000219345093, 1.722000002861023, 1.7339999675750732, 1.7339999675750732, 1.753999948501587, 1.7699999809265137, 1.7860000133514404, 1.8079999685287476, 1.8279999494552612, 1.8279999494552612, 1.8420000076293945, 1.8519999980926514, 1.8660000562667847, 1.8839999437332153, 1.9079999923706055, 1.9079999923706055, 1.9320000410079956, 1.9539999961853027, 1.9780000448226929, 2.0, 2.0199999809265137, 2.0480000972747803, 2.0799999237060547, 2.0799999237060547, 2.0999999046325684, 2.128000020980835, 2.1600000858306885, 2.196000099182129, 2.2279999256134033, 2.2279999256134033, 2.2639999389648438, 2.2960000038146973, 2.3320000171661377, 2.375999927520752, 2.4119999408721924, 2.4119999408721924, 2.4560000896453857, 2.631999969482422, 2.6640000343322754, 2.6640000343322754, 2.6640000343322754, 2.687999963760376, 2.687999963760376, 2.7360000610351562, 2.7880001068115234, 2.8440001010894775, 2.9000000953674316, 2.9639999866485596, 2.9639999866485596, 3.0399999618530273, 3.119999885559082, 3.171999931335449, 3.3480000495910645, 3.3480000495910645, 3.4159998893737793, 3.4159998893737793, 3.5959999561309814, 3.5959999561309814, 3.8320000171661377, Infinity, 3.9200000762939453, 3.9200000762939453, 4.303999900817871, Infinity, 4.559999942779541, 4.559999942779541, Infinity, Infinity, 4.943999767303467, 4.943999767303467, 5.360000133514404, 5.360000133514404, Infinity, Infinity, Infinity, Infinity, Infinity, Infinity, Infinity, Infinity, Infinity, Infinity, 9.423999786376953, 9.423999786376953, Infinity, Infinity, 9.496000289916992, 9.496000289916992, Infinity, 9.53600025177002, 9.53600025177002, 9.567999839782715, Infinity, Infinity, Infinity, Infinity, 9.607999801635742, 9.607999801635742, Infinity, Infinity, 9.51200008392334, 9.51200008392334, 9.600000381469727, 9.663999557495117, 9.600000381469727, 9.640000343322754, Infinity, Infinity, Infinity, Infinity, 9.592000007629395, 9.592000007629395, 9.543999671936035, Infinity, Infinity, Infinity, Infinity, Infinity, Infinity, Infinity, Infinity, Infinity, Infinity, Infinity, Infinity, Infinity, Infinity, 5.872000217437744, 5.872000217437744, Infinity, 5.400000095367432, 5.400000095367432, 5.288000106811523, 4.9120001792907715, 4.9120001792907715, 4.616000175476074, Infinity, 4.504000186920166, 4.504000186920166, 4.392000198364258, 4.136000156402588, 4.136000156402588, 4.079999923706055, 3.864000082015991, 3.864000082015991, 3.7960000038146973, 3.7960000038146973, 3.6080000400543213, 3.6080000400543213, 3.563999891281128, 3.4000000953674316, 3.4000000953674316, 3.3440001010894775, 3.2639999389648438, 3.2639999389648438, 3.196000099182129, 3.135999917984009, 3.055999994277954, 3.0, 2.9600000381469727, 2.9000000953674316, 2.9000000953674316, 2.8480000495910645, 2.812000036239624, 2.7639999389648438, 2.7279999256134033, 2.7039999961853027, 2.6640000343322754, 2.635999917984009, 2.635999917984009, 