{"angle_min": -3.1241393089294434, "angle_max": 3.1415927410125732, "angle_increment": 0.01745329238474369, "ranges": [1.4040000438690186, 1.399999976158142, 1.3990000486373901, 1.4040000438690186, 1.4010000228881836, 1.406000018119812, 1.4079999923706055, 1.409000039100647, 1.409000039100647, 1.4119999408721924, 1.4140000343322754, 1.4210000038146973, 1.4229999780654907, 1.4240000247955322, 1.434999942779541, 1.4420000314712524, 1.4490000009536743, 1.4539999961853027, 1.4550000429153442, 1.4670000076293945, 1.475000023841858, 1.4809999465942383, 1.496999979019165, 1.5010000467300415, 1.5119999647140503, 1.527999997138977, 1.531000018119812, 1.5479999780654907, 1.565999984741211, 1.5709999799728394, 1.5959999561309814, 1.6030000448226929, 1.621000051498413, 1.6390000581741333, 1.656000018119812, 1.6790000200271606, 1.6929999589920044, 1.7120000123977661, 1.7400000095367432, 1.75600004196167, 1.7799999713897705, 1.815000057220459, 1.8289999961853027, 1.850000023841858, 1.899999976158142, 1.9140000343322754, 1.9639999866485596, 1.9839999675750732, 2.0179998874664307, 2.075000047683716, 2.0929999351501465, 2.131999969482422, 2.197999954223633, 2.2260000705718994, 2.305999994277954, 2.3420000076293945, 2.371000051498413, 2.3570001125335693, 2.388000011444092, 2.371999979019165, 2.328000068664551, 2.309000015258789, 2.3010001182556152, 2.256999969482422, 1.8179999589920044, 1.8209999799728394, Infinity, 2.180000066757202, 2.1570000648498535, Infinity, Infinity, Infinity, Infinity, Infinity, Infinity, Infinity, Infinity, Infinity, Infinity, Infinity, Infinity, Infinity, Infinity, Infinity, Infinity, Infinity, Infinity, Infinity, Infinity, Infinity, Infinity, Infinity, Infinity, Infinity, 1.2549999952316284, Infinity, Infinity, Infinity, Infinity, Infinity, Infinity, 1.9819999933242798, 1.9919999837875366, 1.9980000257492065, 2.003000020980835, 2.009999990463257, 2.003000020980835, 1.9049999713897705, Infinity, 0.9769999980926514, 0.9739999771118164, 0.9739999771118164, 1.0099999904632568, 0.9330000281333923, 0.9120000004768372, 0.906000018119812, 0.9049999713897705, 0.902999997138977, 0.8989999890327454, 0.8970000147819519, 0.8999999761581421, 0.902999997138977, 0.8930000066757202, 0.890999972820282, 0.8870000243186951, 0.8889999985694885, 0.9390000104904175, 0.8920000195503235, 0.8999999761581421, 0.9039999842643738, 0.9210000038146973, 0.9279999732971191, Infinity, Infinity, 2.6429998874664307, 2.677000045776367, 2.734999895095825, 2.7679998874664307, 2.805999994277954, 2.8959999084472656, 2.934999942779541, 2.9590001106262207, 3.049999952316284, 3.0899999141693115, 3.1730000972747803, 3.259999990463257, 3.2070000171661377, 3.1679999828338623, 3.1459999084472656, 3.1110000610351562, 3.062000036239624, 3.0450000762939453, 2.9790000915527344, 2.9660000801086426, 2.934999942779541, 2.0840001106262207, 2.053999900817871, 2.046999931335449, 2.0209999084472656, 2.00600004196167, 1.9980000257492065, 1.9789999723434448, 2.0190000534057617, 2.1080000400543213, 2.4570000171661377, 2.5869998931884766, 2.680999994277954, Infinity, 2.4820001125335693, 2.4179999828338623, 2.4170000553131104, 2.436000108718872, 2.552999973297119, 2.553999900817871, 2.385999917984009, 2.380000114440918, 2.375999927520752, 2.4749999046325684, 2.4019999504089355, 2.384999990463257, 2.5239999294281006, 2.5869998931884766, 2.4189999103546143, 2.4070000648498535, 2.618000030517578, 2.575000047683716, 2.3919999599456787, 2.3940000534057617, 2.3959999084472656, 1.8940000534057617, 1.8969999551773071, 1.8990000486373901, 1.899999976158142, 1.9140000343322754, 1.9170000553131104, 1.9329999685287476, 1.9470000267028809, 1.9490000009536743, 1.9579999446868896, 1.9639999866485596, 1.9910000562667847, 1.9950000047683716, 2.002000093460083, 2.0260000228881836, 2.0399999618530273, 2.0510001182556152, 2.072000026702881, 1.781000018119812, 1.7920000553131104, 1.7879999876022339, 2.1710000038146973, 2.1740000247955322, 2.184000015258789, 2.0950000286102295, 2.063999891281128, 1.9559999704360962, 2.009999990463257, 1.9880000352859497, 1.9850000143051147, 1.8630000352859497, 1.8250000476837158, 1.6740000247955322, 1.6519999504089355, 1.6230000257492065, 1.6610000133514404, 1.6790000200271606, 1.6970000267028809, 1.7450000047683716, 1.7660000324249268, 1.7869999408721924, 1.7640000581741333, 1.7510000467300415, 1.7130000591278076, 1.687999963760376, 1.6720000505447388, 1.6440000534057617, 1.5130000114440918, 1.4930000305175781, 1.4809999465942383, 1.4550000429153442, 1.4450000524520874, 1.430999994277954, 1.409000039100647, 1.3990000486373901, 1.378000020980835, 1.371999979019165, 1.3619999885559082, 1.3480000495910645, 1.3380000591278076, 1.3270000219345093, 1.3220000267028809, 1.312000036239624, 1.305999994277954, 1.2960000038146973, 1.2929999828338623, 1.1649999618530273, 1.1419999599456787, 1.090000033378601, 1.3480000495910645, 1.343999981880188, 1.3389999866485596, 1.3339999914169312, 1.3250000476837158, 1.3259999752044678, 1.3220000267028809, 1.3179999589920044, 1.315000057220459, 1.3109999895095825, 1.312000036239624, 1.3049999475479126, 1.3040000200271606, 1.3049999475479126, 1.3040000200271606, 1.305999994277954, 1.305999994277954, 1.3049999475479126, 1.3109999895095825, 1.3070000410079956, 1.312000036239624, 1.3179999589920044, 1.3170000314712524, 1.3240000009536743, 1.3240000009536743, 1.3270000219345093, 1.3359999656677246, 1.3389999866485596, 1.347000002861023, 1.3519999980926514, 1.3559999465942383, 1.3650000095367432, 1.3739999532699585, 1.38100004196167, 1.3899999856948853, 1.3980000019073486, 1.4129999876022339, 1.4179999828338623, 1.4270000457763672, 1.4450000524520874, 1.4509999752044678, 1.4700000286102295, 1.4789999723434448, 1.4880000352859497, 1.5119999647140503, 1.5180000066757202, 1.534999966621399, 1.562000036239624, 1.5740000009536743, 1.5920000076293945, 1.6160000562667847, 1.6349999904632568, 1.6649999618530273, 1.6820000410079956, 1.7070000171661377, 1.7389999628067017, 1.7610000371932983, 1.7829999923706055, 1.8259999752044678, 1.847000002861023, 1.86899995803833, 1.9279999732971191, 1.909999966621399, 1.8660000562667847, 1.8389999866485596, 1.8229999542236328, 1.784999966621399, 1.7630000114440918, 1.7510000467300415, 1.7139999866485596, 1.6990000009536743, 1.6829999685287476, 1.6610000133514404, 1.6399999856948853, 1.6239999532699585, 1.6069999933242798, 1.5800000429153442, 1.5720000267028809, 1.562999963760376, 1.5420000553131104, 1.5379999876022339, 1.5160000324249268, 1.5119999647140503, 1.5010000467300415, 1.4880000352859497, 1.4780000448226929, 1.4759999513626099, 1.4579999446868896, 1.4550000429153442, 1.4479999542236328, 1.4450000524520874, 1.440999984741211, 1.4279999732971191, 1.4259999990463257, 1.4210000038146973, 1.4170000553131104, 1.4129999876022339, 1.409999966621399, 1.4110000133514404, 1.406999945640564, 1.4049999713897705, 1.4049999713897705], "time_increment": 0.00033466710010543466, "range_min": 0.15000000596046448, "range_max": 12.0, "scan_time": 0.12014548480510712}